﻿<?xml version="1.0" encoding="UTF-8"?>
<MetaDataObject xmlns="http://v8.1c.ru/8.3/MDClasses" xmlns:app="http://v8.1c.ru/8.2/managed-application/core" xmlns:cfg="http://v8.1c.ru/8.1/data/enterprise/current-config" xmlns:cmi="http://v8.1c.ru/8.2/managed-application/cmi" xmlns:ent="http://v8.1c.ru/8.1/data/enterprise" xmlns:lf="http://v8.1c.ru/8.2/managed-application/logform" xmlns:style="http://v8.1c.ru/8.1/data/ui/style" xmlns:sys="http://v8.1c.ru/8.1/data/ui/fonts/system" xmlns:v8="http://v8.1c.ru/8.1/data/core" xmlns:v8ui="http://v8.1c.ru/8.1/data/ui" xmlns:web="http://v8.1c.ru/8.1/data/ui/colors/web" xmlns:win="http://v8.1c.ru/8.1/data/ui/colors/windows" xmlns:xen="http://v8.1c.ru/8.3/xcf/enums" xmlns:xpr="http://v8.1c.ru/8.3/xcf/predef" xmlns:xr="http://v8.1c.ru/8.3/xcf/readable" xmlns:xs="http://www.w3.org/2001/XMLSchema" xmlns:xsi="http://www.w3.org/2001/XMLSchema-instance" version="2.16">
	<Enum uuid="17b0138e-1871-4c8b-9824-4c6fe2f832ee">
		<InternalInfo>
			<xr:GeneratedType name="EnumRef.Пол" category="Ref">
				<xr:TypeId>33a982fd-dc0b-4128-a024-dfcc55d44be2</xr:TypeId>
				<xr:ValueId>5de45fc8-635b-4b52-9def-8bc7022d799d</xr:ValueId>
			</xr:GeneratedType>
			<xr:GeneratedType name="EnumManager.Пол" category="Manager">
				<xr:TypeId>beca1d79-3e25-4892-9fba-49444ff25093</xr:TypeId>
				<xr:ValueId>888afada-1433-42af-b77a-637c14eba0a6</xr:ValueId>
			</xr:GeneratedType>
			<xr:GeneratedType name="EnumList.Пол" category="List">
				<xr:TypeId>e1e8c9a2-2fb7-43b8-a7f2-1df90cede487</xr:TypeId>
				<xr:ValueId>9f117750-d060-4e06-91c5-e111cd76689c</xr:ValueId>
			</xr:GeneratedType>
		</InternalInfo>
		<Properties>
			<Name>Пол</Name>
			<Synonym>
				<v8:item>
					<v8:lang>ru</v8:lang>
					<v8:content>Пол</v8:content>
				</v8:item>
			</Synonym>
			<Comment/>
			<UseStandardCommands>false</UseStandardCommands>
			<Characteristics/>
			<QuickChoice>true</QuickChoice>
			<ChoiceMode>BothWays</ChoiceMode>
			<DefaultListForm/>
			<DefaultChoiceForm/>
			<AuxiliaryListForm/>
			<AuxiliaryChoiceForm/>
			<ListPresentation/>
			<ExtendedListPresentation/>
			<Explanation/>
			<ChoiceHistoryOnInput>Auto</ChoiceHistoryOnInput>
		</Properties>
		<ChildObjects>
			<EnumValue uuid="9ae41b7b-3f93-40af-8a4f-56a3c0f51e6c">
				<Properties>
					<Name>Муж</Name>
					<Synonym>
						<v8:item>
							<v8:lang>ru</v8:lang>
							<v8:content>Муж.</v8:content>
						</v8:item>
					</Synonym>
					<Comment/>
				</Properties>
			</EnumValue>
			<EnumValue uuid="9e82bc60-54ed-4661-b499-ce6691cff228">
				<Properties>
					<Name>Жен</Name>
					<Synonym>
						<v8:item>
							<v8:lang>ru</v8:lang>
							<v8:content>Жен.</v8:content>
						</v8:item>
					</Synonym>
					<Comment/>
				</Properties>
			</EnumValue>
		</ChildObjects>
	</Enum>
</MetaDataObject>